customer,Product,round,Demand per week (units),Demand per week (value),Sales price,Gross margin per week,Gross margin per piece,attained_shelf_life,service_level_pieces,service_level_order_lines,Additional sales as a result of promotions (%),osa,Carbon footprint,Additional sales next round as a result of webshop service level
Food & Groceries,Fressie Orange 1 liter,0,42637.4916,15581.5622,0.3654,5692.368,0.1335,0.8528,0.9376,0.9191,0.0333,0.8707,1.0446,0
Food & Groceries,Fressie Orange 1 liter,1,42637.4916,16709.2339,0.3919,7286.0199,0.1709,0.8733,0.915,0.9003,0.0333,0.876,0.9521,0
Food & Groceries,Fressie Orange 1 liter,2,42637.4916,16038.9243,0.3762,6605.102,0.1549,0.8733,0.9117,0.8963,0.0333,0.8491,0.9541,0
Food & Groceries,Fressie Orange 1 liter,3,42637.4916,18777.4965,0.4404,9260.5202,0.2172,0.863,0.9472,0.9311,0.0333,0.8915,0.986,0
Food & Groceries,Fressie Orange 1 liter,4,42637.4916,19538.2938,0.4582,10330.2947,0.2423,0.8594,0.9785,0.9719,0.0333,0.9,0.9903,0
Food & Groceries,Fressie Orange 1 liter,5,42637.4916,20148.7211,0.4726,9889.8987,0.232,0.8618,0.9866,0.9813,0.0333,0.9,1.0552,0
Food & Groceries,Fressie Orange 1 liter,6,42637.4916,19943.9197,0.4678,10706.8348,0.2511,0.8803,0.9767,0.9659,0.0333,0.898,0.9719,0
Food & Groceries,Fressie Orange/Mango PET,0,15538.5673,3154.6982,0.203,1021.9093,0.0658,0.8516,0.9712,0.958,0.0348,0.975,1.5836,0
Food & Groceries,Fressie Orange/Mango PET,1,15538.5673,3383.0106,0.2177,1335.2037,0.0859,0.8645,0.9519,0.9377,0.0348,0.975,1.4894,0
Food & Groceries,Fressie Orange/Mango PET,2,15538.5673,3247.2973,0.209,1228.4652,0.0791,0.8678,0.9398,0.9224,0.0348,0.9467,1.4696,0
Food & Groceries,Fressie Orange/Mango PET,3,15538.5673,3801.7584,0.2447,1781.6318,0.1147,0.8665,0.959,0.9402,0.0348,0.975,1.4974,0
Food & Groceries,Fressie Orange/Mango PET,4,15538.5673,3955.7921,0.2546,2029.6976,0.1306,0.8603,0.9721,0.9631,0.0348,0.975,1.3952,0
Food & Groceries,Fressie Orange/Mango PET,5,15538.5673,4079.3813,0.2625,2037.0739,0.1311,0.8622,0.982,0.9796,0.0348,0.975,1.4427,0
Food & Groceries,Fressie Orange/Mango PET,6,15538.5673,4037.9165,0.2599,2086.1117,0.1343,0.8682,0.9756,0.9695,0.0348,0.975,1.4252,0
Food & Groceries,Fressie Orange/C-power PET,0,5411.9705,1406.411,0.2599,648.7415,0.1199,0.8735,0.8185,0.8056,0.0341,0.8268,1.8278,0
Food & Groceries,Fressie Orange/C-power PET,1,5411.9705,1508.196,0.2787,754.6338,0.1394,0.8722,0.8691,0.8539,0.0341,0.9,1.8211,0
Food & Groceries,Fressie Orange/C-power PET,2,5411.9705,1447.693,0.2675,699.2011,0.1292,0.8684,0.8934,0.8958,0.0341,0.9194,1.8297,0
Food & Groceries,Fressie Orange/C-power PET,3,5411.9705,1694.8799,0.3132,946.613,0.1749,0.8648,0.9176,0.9047,0.0341,0.9384,1.8944,0
Food & Groceries,Fressie Orange/C-power PET,4,5411.9705,1763.5504,0.3259,1045.6314,0.1932,0.86,0.9327,0.9301,0.0341,0.9596,1.8239,0
Food & Groceries,Fressie Orange/C-power PET,5,5411.9705,1818.6483,0.336,1050.1088,0.194,0.8526,0.9717,0.9771,0.0341,0.975,1.8498,0
Food & Groceries,Fressie Orange/C-power PET,6,5411.9705,1800.1627,0.3326,1098.1745,0.2029,0.8743,0.9509,0.9555,0.0341,0.9624,1.722,0
Food & Groceries,Fressie Orange PET,0,35873.064,6409.1139,0.1787,1956.3868,0.0545,0.8459,0.9746,0.9694,0.0332,0.9661,1.4983,0
Food & Groceries,Fressie Orange PET,1,35873.064,6872.9555,0.1916,2622.7369,0.0731,0.858,0.9738,0.965,0.0332,0.9661,1.3929,0
Food & Groceries,Fressie Orange PET,2,35873.064,6597.2392,0.1839,2417.1937,0.0674,0.8616,0.9566,0.9508,0.0332,0.9661,1.3704,0
Food & Groceries,Fressie Orange PET,3,35873.064,7723.6873,0.2153,3478.873,0.097,0.8508,0.9619,0.9606,0.0332,0.9661,1.4183,0
Food & Groceries,Fressie Orange PET,4,35873.064,8036.6236,0.224,3996.2509,0.1114,0.8471,0.9772,0.9803,0.0332,0.9661,1.3348,0
Food & Groceries,Fressie Orange PET,5,35873.064,8287.7087,0.231,3985.3975,0.1111,0.8518,0.9784,0.9814,0.0332,0.9661,1.3819,0
Food & Groceries,Fressie Orange PET,6,35873.064,8203.4684,0.2287,4168.9224,0.1162,0.8638,0.974,0.9759,0.0332,0.9661,1.3218,0
Food & Groceries,Fressie Orange/Mango 1 liter,0,26777.4604,10438.004,0.3898,3294.5644,0.123,0.8546,0.9715,0.9652,0.0347,0.9141,1.072,0
Food & Groceries,Fressie Orange/Mango 1 liter,1,26777.4604,11193.4252,0.418,4386.7252,0.1638,0.8724,0.9649,0.954,0.0347,0.9141,0.9779,0
Food & Groceries,Fressie Orange/Mango 1 liter,2,26777.4604,10744.3884,0.4012,3931.856,0.1468,0.8724,0.9591,0.9474,0.0347,0.9116,0.9782,0
Food & Groceries,Fressie Orange/Mango 1 liter,3,26777.4604,12578.9431,0.4698,5714.6938,0.2134,0.8623,0.9708,0.9632,0.0347,0.9141,1.011,0
Food & Groceries,Fressie Orange/Mango 1 liter,4,26777.4604,13088.597,0.4888,6427.6059,0.24,0.861,0.9799,0.975,0.0347,0.9141,1.0121,0
Food & Groceries,Fressie Orange/Mango 1 liter,5,26777.4604,13497.519,0.5041,6161.6962,0.2301,0.8626,0.9812,0.9803,0.0347,0.9141,1.0692,0
Food & Groceries,Fressie Orange/Mango 1 liter,6,26777.4604,13360.3236,0.4989,6678.9271,0.2494,0.8797,0.9693,0.9671,0.0347,0.9133,0.994,0
Food & Groceries,Fressie Orange/C-power 1 liter,0,7181.7898,3207.7626,0.4467,1349.0026,0.1878,0.8773,0.839,0.787,0.0373,0.8077,1.1994,0
Food & Groceries,Fressie Orange/C-power 1 liter,1,7181.7898,3439.9153,0.479,1604.523,0.2234,0.8791,0.8771,0.8278,0.0373,0.8726,1.1775,0
Food & Groceries,Fressie Orange/C-power 1 liter,2,7181.7898,3301.9193,0.4598,1491.8589,0.2077,0.8839,0.9022,0.861,0.0373,0.8836,1.1484,0
Food & Groceries,Fressie Orange/C-power 1 liter,3,7181.7898,3865.7068,0.5383,2048.015,0.2852,0.8732,0.931,0.9056,0.0373,0.9393,1.2008,0
Food & Groceries,Fressie Orange/C-power 1 liter,4,7181.7898,4022.3314,0.5601,2226.7493,0.3101,0.8717,0.9645,0.9477,0.0373,0.975,1.2128,0
Food & Groceries,Fressie Orange/C-power 1 liter,5,7181.7898,4147.9996,0.5776,2163.8479,0.3013,0.8737,0.9748,0.9643,0.0373,0.975,1.2786,0
Food & Groceries,Fressie Orange/C-power 1 liter,6,7181.7898,4105.8373,0.5717,2317.2763,0.3227,0.8913,0.954,0.9375,0.0373,0.9443,1.185,0
LAND Market,Fressie Orange 1 liter,0,24756.3937,9926.7615,0.401,4184.8481,0.169,0.8512,0.9272,0.9235,0.0295,0.8749,1.0337,0
LAND Market,Fressie Orange 1 liter,1,24756.3937,10246.2565,0.4139,4774.9029,0.1929,0.8709,0.9115,0.9028,0.0295,0.8832,0.9411,0
LAND Market,Fressie Orange 1 liter,2,24756.3937,10362.2772,0.4186,4884.7641,0.1973,0.8709,0.9112,0.9021,0.0295,0.8825,0.9431,0
LAND Market,Fressie Orange 1 liter,3,24756.5276,10497.0195,0.424,4971.1952,0.2008,0.8599,0.9551,0.9494,0.0295,0.9,0.9751,0
LAND Market,Fressie Orange 1 liter,4,24756.5276,10696.975,0.4321,5350.5517,0.2161,0.8563,0.9812,0.9741,0.0295,0.9,0.9793,0
LAND Market,Fressie Orange 1 liter,5,24756.5276,10823.0643,0.4372,4866.5033,0.1966,0.8593,0.9838,0.9825,0.0295,0.9,1.0442,0
LAND Market,Fressie Orange 1 liter,6,24756.3937,10904.8926,0.4405,5541.6101,0.2238,0.8792,0.978,0.9702,0.0295,0.9,0.961,0
LAND Market,Fressie Orange/Mango PET,0,5131.7474,1143.1757,0.2228,438.8035,0.0855,0.8449,0.9641,0.9555,0.0366,0.975,1.5718,0
LAND Market,Fressie Orange/Mango PET,1,5131.7474,1179.969,0.2299,503.663,0.0981,0.8584,0.9503,0.9377,0.0366,0.975,1.4776,0
LAND Market,Fressie Orange/Mango PET,2,5131.7474,1193.3301,0.2325,526.5932,0.1026,0.864,0.9414,0.9276,0.0366,0.975,1.4578,0
LAND Market,Fressie Orange/Mango PET,3,5130.462,1208.5378,0.2356,541.5405,0.1056,0.8604,0.9534,0.939,0.0366,0.975,1.4856,0
LAND Market,Fressie Orange/Mango PET,4,5130.462,1231.559,0.24,595.6088,0.1161,0.8568,0.9805,0.9759,0.0366,0.975,1.3835,0
LAND Market,Fressie Orange/Mango PET,5,5130.462,1246.0758,0.2429,571.7549,0.1114,0.8555,0.9729,0.9733,0.0366,0.975,1.4309,0
LAND Market,Fressie Orange/Mango PET,6,5131.7474,1255.8182,0.2447,611.2176,0.1191,0.8657,0.9732,0.9682,0.0366,0.975,1.4134,0
LAND Market,Fressie Orange/C-power PET,0,1817.5943,518.2683,0.2851,263.8072,0.1451,0.8656,0.8382,0.8203,0.0731,0.8418,1.816,0
LAND Market,Fressie Orange/C-power PET,1,1817.5943,534.9489,0.2943,281.8672,0.1551,0.8626,0.8626,0.8468,0.0731,0.8975,1.8093,0
LAND Market,Fressie Orange/C-power PET,2,1817.5943,541.0062,0.2976,289.6274,0.1593,0.8636,0.9118,0.8962,0.0731,0.9498,1.8179,0
LAND Market,Fressie Orange/C-power PET,3,1817.2729,547.9411,0.3015,296.6823,0.1633,0.8577,0.9248,0.8989,0.0731,0.9526,1.8827,0
LAND Market,Fressie Orange/C-power PET,4,1817.2729,558.3787,0.3073,317.3104,0.1746,0.8559,0.9544,0.934,0.0731,0.9739,1.8121,0
LAND Market,Fressie Orange/C-power PET,5,1817.2729,564.9606,0.3109,306.8945,0.1689,0.8474,0.9823,0.9761,0.0731,0.975,1.838,0
LAND Market,Fressie Orange/C-power PET,6,1817.5943,569.3357,0.3132,333.5751,0.1835,0.8705,0.9516,0.9481,0.0731,0.9629,1.7102,0
LAND Market,Fressie Orange PET,0,11934.8717,2339.6351,0.196,858.2248,0.0719,0.8378,0.9782,0.9762,0.0353,0.975,1.4865,0
LAND Market,Fressie Orange PET,1,11934.8717,2414.9368,0.2023,1000.9005,0.0839,0.8499,0.9729,0.9724,0.0353,0.975,1.3811,0
LAND Market,Fressie Orange PET,2,11934.8717,2442.2816,0.2046,1051.5918,0.0881,0.8554,0.9658,0.9598,0.0353,0.975,1.3587,0
LAND Market,Fressie Orange PET,3,11935.193,2474.0922,0.2073,1061.8159,0.089,0.8457,0.9736,0.9724,0.0353,0.975,1.4066,0
LAND Market,Fressie Orange PET,4,11935.193,2521.2207,0.2112,1176.9634,0.0986,0.8414,0.9832,0.9837,0.0353,0.975,1.323,0
LAND Market,Fressie Orange PET,5,11935.193,2550.9393,0.2137,1119.5334,0.0938,0.8432,0.9911,0.9912,0.0353,0.975,1.3702,0
LAND Market,Fressie Orange PET,6,11934.8717,2570.1705,0.2153,1227.8879,0.1029,0.8619,0.9836,0.9837,0.0353,0.975,1.31,0
LAND Market,Fressie Orange/Mango 1 liter,0,15384.8248,6580.2362,0.4277,2476.017,0.1609,0.8511,0.9784,0.9748,0.0332,0.9072,1.0611,0
LAND Market,Fressie Orange/Mango 1 liter,1,15384.8248,6792.0226,0.4415,2881.2751,0.1873,0.8683,0.9692,0.9616,0.0332,0.9072,0.967,0
LAND Market,Fressie Orange/Mango 1 liter,2,15384.8248,6868.9302,0.4465,2954.8317,0.1921,0.8687,0.9683,0.9596,0.0332,0.9072,0.9673,0
LAND Market,Fressie Orange/Mango 1 liter,3,15384.2892,6957.9681,0.4523,3014.2933,0.1959,0.8604,0.9797,0.9755,0.0332,0.9072,1.0001,0
LAND Market,Fressie Orange/Mango 1 liter,4,15384.2892,7090.509,0.4609,3263.6108,0.2121,0.8569,0.9901,0.9848,0.0332,0.9072,1.0012,0
LAND Market,Fressie Orange/Mango 1 liter,5,15384.2892,7174.0875,0.4663,2959.4825,0.1924,0.8564,0.9879,0.9881,0.0332,0.9072,1.0582,0
LAND Market,Fressie Orange/Mango 1 liter,6,15384.8248,7228.6183,0.4699,3389.863,0.2203,0.8788,0.9771,0.9728,0.0332,0.9072,0.983,0
LAND Market,Fressie Orange/C-power 1 liter,0,4179.1118,2048.1152,0.4901,966.4954,0.2313,0.8697,0.8374,0.8185,0.0364,0.8401,1.1884,0
LAND Market,Fressie Orange/C-power 1 liter,1,4179.1118,2114.0342,0.5059,1046.0122,0.2503,0.8728,0.8736,0.861,0.0364,0.9125,1.1665,0
LAND Market,Fressie Orange/C-power 1 liter,2,4179.1118,2137.9719,0.5116,1084.6906,0.2596,0.8808,0.9212,0.906,0.0364,0.9602,1.1375,0
LAND Market,Fressie Orange/C-power 1 liter,3,4178.9779,2165.6912,0.5182,1108.0031,0.2651,0.8671,0.9489,0.9356,0.0364,0.975,1.1899,0
LAND Market,Fressie Orange/C-power 1 liter,4,4178.9779,2206.945,0.5281,1162.1222,0.2781,0.8652,0.9789,0.9704,0.0364,0.975,1.2019,0
LAND Market,Fressie Orange/C-power 1 liter,5,4178.9779,2232.9591,0.5343,1078.4104,0.2581,0.8621,0.9773,0.9781,0.0364,0.975,1.2676,0
LAND Market,Fressie Orange/C-power 1 liter,6,4179.1118,2249.9257,0.5384,1209.155,0.2893,0.8857,0.9568,0.9434,0.0364,0.9581,1.174,0
Dominick's,Fressie Orange/Mango PET,0,30369.8282,7457.8062,0.2456,3289.3116,0.1083,0.8603,0.9723,0.9671,0.018,0.9918,1.59,0
Dominick's,Fressie Orange/Mango PET,1,30369.8282,7513.2397,0.2474,3510.841,0.1156,0.8762,0.9525,0.9402,0.018,0.9918,1.4959,0
Dominick's,Fressie Orange/Mango PET,2,30369.8282,7504.9156,0.2471,3559.1473,0.1172,0.8808,0.9397,0.9237,0.018,0.9746,1.4761,0
Dominick's,Fressie Orange/Mango PET,3,30370.4709,7713.5604,0.254,3765.1786,0.124,0.8756,0.9535,0.9341,0.018,0.9918,1.5037,0
Dominick's,Fressie Orange/Mango PET,4,30370.4709,7827.2322,0.2577,4062.6383,0.1338,0.8721,0.9704,0.9653,0.018,0.9918,1.4015,0
Dominick's,Fressie Orange/Mango PET,5,30370.4709,7928.9731,0.2611,3937.2383,0.1296,0.8677,0.9807,0.974,0.018,0.9918,1.449,0
Dominick's,Fressie Orange/Mango PET,6,30370.4709,7913.6702,0.2606,4098.8249,0.135,0.8757,0.9793,0.9653,0.018,0.987,1.4315,0
Dominick's,Fressie Orange/C-power PET,0,10511.5822,3304.0516,0.3143,1832.4425,0.1743,0.886,0.8441,0.7923,0.0174,0.8298,1.8342,0
Dominick's,Fressie Orange/C-power PET,1,10511.5822,3328.6105,0.3167,1864.979,0.1774,0.8825,0.8704,0.8321,0.0174,0.8808,1.8276,0
Dominick's,Fressie Orange/C-power PET,2,10511.5822,3324.9226,0.3163,1871.1389,0.178,0.8808,0.8957,0.8706,0.0174,0.9216,1.8361,0
Dominick's,Fressie Orange/C-power PET,3,10512.2249,3417.4957,0.3251,1964.0603,0.1868,0.8774,0.9064,0.8881,0.0174,0.9501,1.9007,0
Dominick's,Fressie Orange/C-power PET,4,10512.2249,3467.858,0.3299,2073.3703,0.1972,0.8736,0.946,0.9192,0.0174,0.9729,1.8302,0
Dominick's,Fressie Orange/C-power PET,5,10512.2249,3512.9344,0.3342,2020.1213,0.1922,0.86,0.9798,0.9677,0.0174,0.995,1.8561,0
Dominick's,Fressie Orange/C-power PET,6,10512.2249,3506.1544,0.3335,2142.6109,0.2038,0.8799,0.964,0.9353,0.0174,0.9594,1.7283,0
Dominick's,Fressie Orange PET,0,70275.9206,15186.5099,0.2161,6463.5444,0.092,0.8512,0.9839,0.9789,0.0175,0.9811,1.5048,0
Dominick's,Fressie Orange PET,1,70275.9206,15299.3904,0.2177,6973.1425,0.0992,0.8667,0.9766,0.9717,0.0175,0.9811,1.3993,0
Dominick's,Fressie Orange PET,2,70275.9206,15282.4398,0.2175,7093.6621,0.1009,0.8719,0.9674,0.9579,0.0175,0.9811,1.3769,0
Dominick's,Fressie Orange PET,3,70275.2778,15706.8321,0.2235,7391.2473,0.1052,0.862,0.9704,0.9658,0.0175,0.9811,1.4246,0
Dominick's,Fressie Orange PET,4,70275.2778,15938.2977,0.2268,8023.2138,0.1142,0.8571,0.9882,0.9816,0.0175,0.9811,1.3411,0
Dominick's,Fressie Orange PET,5,70275.2778,16145.4689,0.2297,7717.2479,0.1098,0.8521,0.9909,0.9882,0.0175,0.9811,1.3882,0
Dominick's,Fressie Orange PET,6,70275.2778,16114.3083,0.2293,8210.6388,0.1168,0.8709,0.9849,0.9783,0.0175,0.9811,1.3281,0
