product,round,Demand per week (units),Demand per week (value),Unit price,Gross margin per piece,Gross margin per week,service_level_pieces,service_level_order_lines,osa,Order lines per week,obsolete_pct,Obsoletes per week (value),Stock (weeks),Stock value,Economic inventory (weeks),mape,Bias,Production batches previous round,Start up productivity loss (value),production_plan_adherence,Assignable Contribution Rate,Carbon footprint,Rejects (value)
Fressie Orange 1 liter,0,67393.8853,25508.3237,0.3785,0.1466,9877.2161,0.9338,0.9213,0.8722,3.3899,0.0844,1319.3374,3.1682,49522.4829,7.5249,0.4899,0.0001,12.9971,934.4958,0.8294,568.6913,1.0406,645.9649
Fressie Orange 1 liter,1,67393.8853,26955.4904,0.4,0.179,12060.9228,0.9137,0.9016,0.8786,3.3899,0.037,551.5715,2.5464,37927.1212,6.6118,0.4899,0.0001,12.9971,890.4623,0.8558,674.1371,0.9481,615.5269
Fressie Orange 1 liter,2,67393.8853,26401.2015,0.3917,0.1705,11489.866,0.9115,0.8993,0.8614,3.3899,0.037,552.1925,2.5464,37969.8184,6.6118,0.4899,0.0001,12.9971,891.4647,0.8556,651.8284,0.9501,616.2199
Fressie Orange 1 liter,3,67394.0192,29274.516,0.4344,0.2112,14231.7154,0.9501,0.9404,0.8946,3.3899,0.0551,828.6801,2.9057,43710.4656,6.9733,0.4899,0.0001,12.9971,899.3225,0.8736,765.1851,0.982,259.0215
Fressie Orange 1 liter,4,67394.0192,30235.2688,0.4486,0.2327,15680.8464,0.9795,0.973,0.9,3.3899,0.0571,830.3567,3.0886,44952.1023,6.9568,0.4899,0.0001,12.9971,959.2742,0.9524,852.8514,0.9863,601.469
Fressie Orange 1 liter,5,67394.0192,30971.7854,0.4596,0.219,14756.4021,0.9856,0.9819,0.9,3.3899,0.0808,1310.0662,3.1498,51074.9932,5.9794,0.4899,0.0001,14.4477,1075.4553,0.9602,810.8199,1.0512,670.1091
Fressie Orange 1 liter,6,67393.8853,30848.8123,0.4577,0.2411,16248.4449,0.9772,0.9681,0.8988,3.3899,0.0391,571.3766,2.5752,37599.1652,5.3099,0.4899,0.0001,16.2464,1200.2013,0.9617,915.9503,0.9679,502.8074
Fressie Orange/Mango PET,0,51040.1428,11755.6801,0.2303,0.0931,4750.0244,0.9711,0.9611,0.985,3.0428,0.08,560.5581,3.2172,22538.7112,7.4605,0.5171,-0.0008,12.9971,1843.4178,0.8327,556.5252,1.5862,2336.1285
Fressie Orange/Mango PET,1,51040.1428,12076.2194,0.2366,0.1048,5349.7076,0.9521,0.9388,0.985,3.0428,0.0388,261.1069,2.7055,18198.8469,6.7531,0.5171,-0.0008,12.9971,1769.9658,0.8438,718.0466,1.4921,2243.0443
Fressie Orange/Mango PET,2,51040.1428,11945.543,0.234,0.1041,5314.2057,0.9399,0.9245,0.9662,3.0428,0.0309,205.0821,2.5581,16963.5714,6.5679,0.5171,-0.0008,12.9971,1744.9223,0.84,713.9055,1.4723,2211.3071
Fressie Orange/Mango PET,3,51039.5001,12723.8565,0.2493,0.1193,6088.3509,0.9552,0.9373,0.985,3.0428,0.0386,256.1618,2.7177,18033.5056,6.7775,0.5177,-0.0008,12.9971,1746.0411,0.8571,872.8732,1.4999,3017.3522
Fressie Orange/Mango PET,4,51039.5001,13014.5833,0.255,0.131,6687.9448,0.9719,0.9677,0.985,3.0428,0.0402,254.3311,2.8686,18148.3398,6.7481,0.5177,-0.0008,12.9971,1831.2437,0.9496,1007.5901,1.3978,2013.8311
Fressie Orange/Mango PET,5,51039.5001,13254.4303,0.2597,0.1283,6546.067,0.9803,0.9754,0.985,3.0428,0.0445,298.7829,2.9546,19820.6482,5.7633,0.5177,-0.0008,14.4477,1962.2229,0.9615,942.0693,1.4452,2643.7516
Fressie Orange/Mango PET,6,51040.7855,13207.405,0.2588,0.1332,6796.1542,0.9776,0.9674,0.9821,3.0428,0.0308,197.657,2.7157,17410.9144,5.5196,0.5173,-0.0008,16.2464,2319.61,0.9554,1064.6159,1.4278,3012.4805
Fressie Orange/C-power PET,0,17741.1471,5228.7308,0.2947,0.1547,2744.9912,0.8357,0.806,0.8301,2.6568,0.055,136.7242,2.3195,5760.9334,7.4467,0.5838,-0.0023,12.9971,1876.0341,0.7012,1259.1184,1.8304,1828.6533
Fressie Orange/C-power PET,1,17741.1471,5371.7553,0.3028,0.1635,2901.48,0.8692,0.8442,0.8884,2.6568,0.0534,131.8322,2.4293,6001.0964,7.2541,0.5838,-0.0023,12.9971,1865.8642,0.7459,1358.0212,1.8237,1814.5674
Fressie Orange/C-power PET,2,17741.1471,5313.6218,0.2995,0.1612,2859.9674,0.8967,0.8874,0.9238,2.6568,0.0522,128.1686,2.55,6256.9239,7.0418,0.5838,-0.0023,12.9971,1853.31,0.8104,1323.5259,1.8323,2127.4921
Fressie Orange/C-power PET,3,17741.4684,5660.3167,0.319,0.1808,3207.3557,0.9117,0.8971,0.9468,2.5697,0.0407,99.787,2.6488,6497.3659,7.0699,0.5838,-0.0023,16.1013,2296.2528,0.8247,1547.5587,1.897,2615.6049
Fressie Orange/C-power PET,4,17741.4684,5789.7872,0.3263,0.1937,3436.312,0.9428,0.9275,0.969,2.5697,0.0432,101.6124,2.7977,6584.4005,7.043,0.5838,-0.0023,16.0433,2419.0604,0.9008,1779.1591,1.8264,3026.2455
Fressie Orange/C-power PET,5,17741.4684,5896.5432,0.3324,0.1904,3377.1245,0.9776,0.9735,0.9869,2.5697,0.0643,161.8982,3.2392,8160.9325,6.1589,0.5838,-0.0023,16.1013,2366.9791,0.9618,1628.9032,1.8523,1943.4717
Fressie Orange/C-power PET,6,17741.7898,5875.6528,0.3312,0.2015,3574.3605,0.9587,0.9462,0.9607,2.6568,0.0516,118.7922,2.662,6126.0394,5.5755,0.5838,-0.0024,12.9681,1911.9803,0.95,1873.7411,1.7245,1496.6774
Fressie Orange PET,0,118083.8563,23935.2589,0.2027,0.0786,9278.1559,0.9805,0.9755,0.9759,3.6052,0.0819,1200.9609,3.3775,49504.766,7.5935,0.4712,0.0001,12.9971,1663.313,0.8333,398.6834,1.501,1056.3004
Fressie Orange PET,1,118083.8563,24587.2827,0.2082,0.0897,10596.7799,0.9754,0.97,0.9759,3.6052,0.0367,513.3164,2.896,40516.4232,6.8851,0.4712,0.0001,12.9971,1587.6661,0.8438,551.3183,1.3955,916.6002
Fressie Orange PET,2,118083.8563,24321.9606,0.206,0.0894,10562.4475,0.964,0.9564,0.9759,3.6052,0.0275,378.5127,2.7486,37819.3399,6.7006,0.4712,0.0001,12.9971,1561.453,0.841,552.7269,1.3731,901.4667
Fressie Orange PET,3,118083.5349,25904.6116,0.2194,0.101,11931.9362,0.9682,0.966,0.9759,3.6052,0.0482,673.3563,3.0683,42872.8358,7.0638,0.4713,0.0001,12.9971,1589.1946,0.8573,662.102,1.4209,915.4347
Fressie Orange PET,4,118083.5349,26496.142,0.2244,0.1118,13196.4282,0.9843,0.9817,0.9759,3.6052,0.0527,700.7793,3.2287,42940.5169,7.0544,0.4713,0.0001,12.9971,1663.9202,0.9503,756.0518,1.3374,958.4794
Fressie Orange PET,5,118083.5349,26984.1169,0.2285,0.1086,12822.1789,0.9871,0.987,0.9759,3.6052,0.0619,875.9271,3.2967,46687.7169,6.0715,0.4713,0.0001,14.4477,1790.4885,0.9618,705.2919,1.3845,927.8344
Fressie Orange PET,6,118083.2136,26887.9471,0.2277,0.1152,13607.4491,0.9814,0.979,0.9759,3.6052,0.0434,575.7635,2.8328,37621.0045,5.5651,0.4712,0.0001,12.9971,1661.5207,0.958,832.7084,1.3244,609.0618
Fressie Orange/Mango 1 liter,0,42162.2852,17018.2403,0.4036,0.1369,5770.5814,0.974,0.97,0.9116,3.3809,0.0883,993.3166,3.339,37556.3547,7.5095,0.5094,0.0009,12.9971,1074.8457,0.8288,532.1945,1.068,1424.0467
Fressie Orange/Mango 1 liter,1,42162.2852,17985.4478,0.4266,0.1724,7268.0004,0.9665,0.9578,0.9116,3.3809,0.0391,419.4134,2.7438,29406.2495,6.6086,0.5094,0.0009,12.9971,1024.1777,0.8558,646.4796,0.9739,1356.9175
Fressie Orange/Mango 1 liter,2,42162.2852,17613.3186,0.4178,0.1633,6886.6877,0.9624,0.9535,0.91,3.3809,0.0385,413.0327,2.7359,29346.9028,6.6099,0.5094,0.0009,12.9971,1025.0553,0.8546,622.7876,0.9742,1358.0802
Fressie Orange/Mango 1 liter,3,42161.7496,19536.9112,0.4634,0.207,8728.987,0.974,0.9693,0.9116,3.3809,0.0562,607.2969,3.0327,32777.6103,6.9635,0.5094,0.0009,12.9971,1032.837,0.8734,747.3264,1.007,1368.39
Fressie Orange/Mango 1 liter,4,42161.7496,20179.106,0.4786,0.2299,9691.2167,0.9836,0.9799,0.9116,3.3809,0.0562,589.8634,3.0992,32503.5764,6.9462,0.5094,0.0009,12.9971,1102.4789,0.9517,842.6041,1.0081,1674.2714
Fressie Orange/Mango 1 liter,5,42161.7496,20671.6065,0.4903,0.2163,9121.1787,0.9836,0.9842,0.9116,3.3809,0.0788,910.0935,3.1901,36846.9527,5.9858,0.5094,0.0009,14.4477,1226.984,0.9599,802.3363,1.0652,1335.2332
Fressie Orange/Mango 1 liter,6,42162.2852,20588.9419,0.4883,0.2388,10068.7901,0.9722,0.97,0.911,3.3809,0.0366,385.4781,2.5788,27129.6436,5.2985,0.5094,0.0009,16.2174,1382.3203,0.9591,910.0269,0.99,2084.7729
Fressie Orange/C-power 1 liter,0,11360.9016,5255.8777,0.4626,0.2038,2315.4981,0.8384,0.8027,0.8196,1.7418,0.0714,209.9561,2.5391,7466.0153,7.4816,0.6063,0.0034,12.9971,1042.7945,0.698,778.6858,1.1954,1021.1697
Fressie Orange/C-power 1 liter,1,11360.9016,5553.9496,0.4889,0.2333,2650.5351,0.8758,0.8443,0.8872,1.7418,0.0609,176.7313,2.576,7479.2211,7.098,0.6063,0.0034,12.9971,1029.6849,0.7565,864.3579,1.1735,1126.9593
Fressie Orange/C-power 1 liter,2,11360.9016,5439.8912,0.4788,0.2268,2576.5495,0.9092,0.8834,0.9118,1.7418,0.0428,122.6317,2.4695,7071.0696,6.7302,0.6063,0.0034,12.9971,1015.4732,0.8245,845.4717,1.1444,1228.3951
Fressie Orange/C-power 1 liter,3,11360.7677,6031.3979,0.5309,0.2778,3156.0181,0.9376,0.9206,0.9525,1.7418,0.0721,207.2145,2.938,8447.7545,7.2774,0.6071,0.0035,12.9971,1019.7546,0.8404,996.1363,1.1968,1233.5741
Fressie Orange/C-power 1 liter,4,11360.7677,6229.2764,0.5483,0.2983,3388.8715,0.9698,0.959,0.975,1.7418,0.0585,166.2318,3.0078,8543.4837,7.1197,0.6071,0.0035,16.2464,1385.1072,0.9028,1119.6266,1.2088,1100.0418
Fressie Orange/C-power 1 liter,5,11360.7677,6380.9586,0.5617,0.2854,3242.2583,0.9757,0.9712,0.975,1.7418,0.0831,260.8015,3.1126,9769.6292,6.0086,0.6071,0.0035,16.1884,1386.4572,0.9602,1063.8681,1.2746,1346.5419
Fressie Orange/C-power 1 liter,6,11360.9016,6355.763,0.5594,0.3104,3526.4313,0.955,0.9404,0.9494,1.7418,0.0419,118.4841,2.4577,6953.7239,5.2528,0.6063,0.0034,16.1593,1372.3,0.9537,1198.0202,1.181,924.8035
